STATE,AREA NAME,COUNTY NAME,CMSA,PMSA,CNTY,MCD,PLACE,CODE
34,Atlantic County,ATLANTIC COUNTY,77,0560,001,,,
34,Absecon city,ATLANTIC COUNTY,77,0560,001,00100,00100,0101
34,Atlantic City city,ATLANTIC COUNTY,77,0560,001,02080,02080,0102
34,Brigantine city,ATLANTIC COUNTY,77,0560,001,07810,07810,0103
34,Buena borough,ATLANTIC COUNTY,77,0560,001,08680,08680,0104
34,Buena Vista township,ATLANTIC COUNTY,77,0560,001,08710,,0105
34,Collings Lakes CDP,ATLANTIC COUNTY,77,0560,001,,14230,
34,Corbin City city,ATLANTIC COUNTY,77,0560,001,15160,15160,0106
34,Egg Harbor township,ATLANTIC COUNTY,77,0560,001,20290,,0108
34,Egg Harbor City city,ATLANTIC COUNTY,77,0560,001,20350,20350,0107
34,Estell Manor city,ATLANTIC COUNTY,77,0560,001,21870,21870,0109
34,Folsom borough,ATLANTIC COUNTY,77,0560,001,23940,23940,0110
34,Galloway township,ATLANTIC COUNTY,77,0560,001,25560,,0111
34,Pomona CDP,ATLANTIC COUNTY,77,0560,001,,60030,
34,Hamilton township,ATLANTIC COUNTY,77,0560,001,29280,,0112
34,Mays Landing CDP,ATLANTIC COUNTY,77,0560,001,,44820,
34,Hammonton town,ATLANTIC COUNTY,77,0560,001,29430,29430,0113
34,Linwood city,ATLANTIC COUNTY,77,0560,001,40530,40530,0114
34,Longport borough,ATLANTIC COUNTY,77,0560,001,41370,41370,0115
34,Margate City city,ATLANTIC COUNTY,77,0560,001,43890,43890,0116
34,Mullica township,ATLANTIC COUNTY,77,0560,001,49410,,0117
34,Elwood-Magnolia CDP,ATLANTIC COUNTY,77,0560,001,,21435,
34,Northfield city,ATLANTIC COUNTY,77,0560,001,52950,52950,0118
34,Pleasantville city,ATLANTIC COUNTY,77,0560,001,59640,59640,0119
34,Port Republic city,ATLANTIC COUNTY,77,0560,001,60600,60600,0120
34,Somers Point city,ATLANTIC COUNTY,77,0560,001,68430,68430,0121
34,Ventnor City city,ATLANTIC COUNTY,77,0560,001,75620,75620,0122
34,Weymouth township,ATLANTIC COUNTY,77,0560,001,80330,,0123
34,Bergen County,BERGEN COUNTY,70,0875,003,,,
34,Allendale borough,BERGEN COUNTY,70,0875,003,00700,00700,0201
34,Alpine borough,BERGEN COUNTY,70,0875,003,01090,01090,0202
34,Bergenfield borough,BERGEN COUNTY,70,0875,003,05170,05170,0203
34,Bogota borough,BERGEN COUNTY,70,0875,003,06490,06490,0204
34,Carlstadt borough,BERGEN COUNTY,70,0875,003,10480,10480,0205
34,Cliffside Park borough,BERGEN COUNTY,70,0875,003,13570,13570,0206
34,Closter borough,BERGEN COUNTY,70,0875,003,13810,13810,0207
34,Cresskill borough,BERGEN COUNTY,70,0875,003,15820,15820,0208
34,Demarest borough,BERGEN COUNTY,70,0875,003,17530,17530,0209
34,Dumont borough,BERGEN COUNTY,70,0875,003,18400,18400,0210
34,East Rutherford borough,BERGEN COUNTY,70,0875,003,19510,19510,0212
34,Edgewater borough,BERGEN COUNTY,70,0875,003,20020,20020,0213
34,Elmwood Park borough,BERGEN COUNTY,70,0875,003,21300,21300,0211
34,Emerson borough,BERGEN COUNTY,70,0875,003,21450,21450,0214
34,Englewood city,BERGEN COUNTY,70,0875,003,21480,21480,0215
34,Englewood Cliffs borough,BERGEN COUNTY,70,0875,003,21510,21510,0216
34,Fair Lawn borough,BERGEN COUNTY,70,0875,003,22470,22470,0217
34,Fairview borough,BERGEN COUNTY,70,0875,003,22560,22560,0218
34,Fort Lee borough,BERGEN COUNTY,70,0875,003,24420,24420,0219
34,Franklin Lakes borough,BERGEN COUNTY,70,0875,003,24990,24990,0220
34,Garfield city,BERGEN COUNTY,70,0875,003,25770,25770,0221
34,Glen Rock borough,BERGEN COUNTY,70,0875,003,26640,26640,0222
34,Hackensack city,BERGEN COUNTY,70,0875,003,28680,28680,0223
34,Harrington Park borough,BERGEN COUNTY,70,0875,003,30150,30150,0224
34,Hasbrouck Heights borough,BERGEN COUNTY,70,0875,003,30420,30420,0225
34,Haworth borough,BERGEN COUNTY,70,0875,003,30540,30540,0226
34,Hillsdale borough,BERGEN COUNTY,70,0875,003,31920,31920,0227
34,Ho-Ho-Kus borough,BERGEN COUNTY,70,0875,003,32310,32310,0228
34,Leonia borough,BERGEN COUNTY,70,0875,003,40020,40020,0229
34,Little Ferry borough,BERGEN COUNTY,70,0875,003,40680,40680,0230
34,Lodi borough,BERGEN COUNTY,70,0875,003,41100,41100,0231
34,Lyndhurst township,BERGEN COUNTY,70,0875,003,42090,,0232
34,Lyndhurst CDP,BERGEN COUNTY,70,0875,003,,42120,
34,Mahwah township,BERGEN COUNTY,70,0875,003,42750,,0233
34,Maywood borough,BERGEN COUNTY,70,0875,003,44880,44880,0234
34,Midland Park borough,BERGEN COUNTY,70,0875,003,46110,46110,0235
34,Montvale borough,BERGEN COUNTY,70,0875,003,47610,47610,0236
34,Moonachie borough,BERGEN COUNTY,70,0875,003,47700,47700,0237
34,New Milford borough,BERGEN COUNTY,70,0875,003,51660,51660,0238
34,North Arlington borough,BERGEN COUNTY,70,0875,003,52320,52320,0239
34,Northvale borough,BERGEN COUNTY,70,0875,003,53430,53430,0240
34,Norwood borough,BERGEN COUNTY,70,0875,003,53610,53610,0241
34,Oakland borough,BERGEN COUNTY,70,0875,003,53850,53850,0242
34,Old Tappan borough,BERGEN COUNTY,70,0875,003,54870,54870,0243
34,Oradell borough,BERGEN COUNTY,70,0875,003,54990,54990,0244
34,Palisades Park borough,BERGEN COUNTY,70,0875,003,55770,55770,0245
34,Paramus borough,BERGEN COUNTY,70,0875,003,55950,55950,0246
34,Park Ridge borough,BERGEN COUNTY,70,0875,003,56130,56130,0247
34,Ramsey borough,BERGEN COUNTY,70,0875,003,61680,61680,0248
34,Ridgefield borough,BERGEN COUNTY,70,0875,003,62910,62910,0249
34,Ridgefield Park village,BERGEN COUNTY,70,0875,003,62940,62940,0250
34,Ridgewood village,BERGEN COUNTY,70,0875,003,63000,63000,0251
34,River Edge borough,BERGEN COUNTY,70,0875,003,63360,63360,0252
34,River Vale township,BERGEN COUNTY,70,0875,003,63690,,0253
34,River Vale CDP,BERGEN COUNTY,70,0875,003,,63720,
34,Rochelle Park township,BERGEN COUNTY,70,0875,003,63990,,0254
34,Rochelle Park CDP (pt.),BERGEN COUNTY,70,0875,003,,64020,
34,Rockleigh borough,BERGEN COUNTY,70,0875,003,64170,64170,0255
34,Rutherford borough,BERGEN COUNTY,70,0875,003,65280,65280,0256
34,Saddle Brook township,BERGEN COUNTY,70,0875,003,65340,,0257
34,Rochelle Park CDP (pt.),BERGEN COUNTY,70,0875,003,,64020,
34,Saddle Brook CDP,BERGEN COUNTY,70,0875,003,,65370,
34,Saddle River borough,BERGEN COUNTY,70,0875,003,65400,65400,0258
34,South Hackensack township,BERGEN COUNTY,70,0875,003,68970,,0259
34,Teaneck township,BERGEN COUNTY,70,0875,003,72360,,0260
34,Teaneck CDP,BERGEN COUNTY,70,0875,003,,72390,
34,Tenafly borough,BERGEN COUNTY,70,0875,003,72420,72420,0261
34,Teterboro borough,BERGEN COUNTY,70,0875,003,72480,72480,0262
34,Upper Saddle River borough,BERGEN COUNTY,70,0875,003,75140,75140,0263
34,Waldwick borough,BERGEN COUNTY,70,0875,003,76400,76400,0264
34,Wallington borough,BERGEN COUNTY,70,0875,003,76490,76490,0265
34,Washington township,BERGEN COUNTY,70,0875,003,77135,,0266
34,Washington Township CDP,BERGEN COUNTY,70,0875,003,,77510,
34,Westwood borough,BERGEN COUNTY,70,0875,003,80270,80270,0267
34,Woodcliff Lake borough,BERGEN COUNTY,70,0875,003,82300,82300,0268
34,Wood-Ridge borough,BERGEN COUNTY,70,0875,003,82570,82570,0269
34,Wyckoff township,BERGEN COUNTY,70,0875,003,83050,,0270
34,Wyckoff CDP,BERGEN COUNTY,70,0875,003,,83080,
34,Burlington County,BURLINGTON COUNTY,77,6160,005,,,
34,Bass River township,BURLINGTON COUNTY,77,6160,005,03370,,0301
34,Beverly city,BURLINGTON COUNTY,77,6160,005,05740,05740,0302
34,Bordentown city,BURLINGTON COUNTY,77,6160,005,06670,06670,0303
34,Bordentown township,BURLINGTON COUNTY,77,6160,005,06700,,0304
34,Burlington city,BURLINGTON COUNTY,77,6160,005,08920,08920,0305
34,Burlington township,BURLINGTON COUNTY,77,6160,005,08950,,0306
34,Chesterfield township,BURLINGTON COUNTY,77,6160,005,12670,,0307
34,Cinnaminson township,BURLINGTON COUNTY,77,6160,005,12940,,0308
34,Delanco township,BURLINGTON COUNTY,77,6160,005,17080,,0309
34,Delran township,BURLINGTON COUNTY,77,6160,005,17440,,0310
34,Eastampton township,BURLINGTON COUNTY,77,6160,005,18790,,0311
34,Edgewater Park township,BURLINGTON COUNTY,77,6160,005,20050,,0312
34,Evesham township,BURLINGTON COUNTY,77,6160,005,22110,,0313
34,Marlton CDP,BURLINGTON COUNTY,77,6160,005,,44100,
34,Fieldsboro borough,BURLINGTON COUNTY,77,6160,005,23250,23250,0314
34,Florence township,BURLINGTON COUNTY,77,6160,005,23850,,0315
34,Florence-Roebling CDP,BURLINGTON COUNTY,77,6160,005,,23895,
34,Hainesport township,BURLINGTON COUNTY,77,6160,005,29010,,0316
34,Lumberton township,BURLINGTON COUNTY,77,6160,005,42060,,0317
34,Mansfield township,BURLINGTON COUNTY,77,6160,005,43290,,0318
34,Maple Shade township,BURLINGTON COUNTY,77,6160,005,43740,,0319
34,Medford township,BURLINGTON COUNTY,77,6160,005,45120,,0320
34,Medford Lakes borough,BURLINGTON COUNTY,77,6160,005,45210,45210,0321
34,Moorestown township,BURLINGTON COUNTY,77,6160,005,47880,,0322
34,Moorestown-Lenola CDP,BURLINGTON COUNTY,77,6160,005,,47895,
34,Mount Holly township,BURLINGTON COUNTY,77,6160,005,48900,,0323
34,Mount Laurel township,BURLINGTON COUNTY,77,6160,005,49020,,0324
34,Ramblewood CDP,BURLINGTON COUNTY,77,6160,005,,61650,
34,New Hanover township,BURLINGTON COUNTY,77,6160,005,51510,,0325
34,Fort Dix CDP (pt.),BURLINGTON COUNTY,77,6160,005,,24300,
34,McGuire AFB CDP (pt.),BURLINGTON COUNTY,77,6160,005,,42390,
34,North Hanover township,BURLINGTON COUNTY,77,6160,005,53070,,0326
34,McGuire AFB CDP (pt.),BURLINGTON COUNTY,77,6160,005,,42390,
34,Palmyra borough,BURLINGTON COUNTY,77,6160,005,55800,55800,0327
34,Pemberton borough,BURLINGTON COUNTY,77,6160,005,57480,57480,0328
34,Pemberton township,BURLINGTON COUNTY,77,6160,005,57510,,0329
34,Browns Mills CDP,BURLINGTON COUNTY,77,6160,005,,08455,
34,Country Lake Estates CDP,BURLINGTON COUNTY,77,6160,005,,15250,
34,Fort Dix CDP (pt.),BURLINGTON COUNTY,77,6160,005,,24300,
34,Pemberton Heights CDP,BURLINGTON COUNTY,77,6160,005,,57540,
34,Presidential Lakes Estates CDP,BURLINGTON COUNTY,77,6160,005,,60840,
34,Riverside township,BURLINGTON COUNTY,77,6160,005,63510,,0330
34,Riverton borough,BURLINGTON COUNTY,77,6160,005,63660,63660,0331
34,Shamong township,BURLINGTON COUNTY,77,6160,005,66810,,0332
34,Southampton township,BURLINGTON COUNTY,77,6160,005,68610,,0333
34,Leisuretowne CDP,BURLINGTON COUNTY,77,6160,005,,39885,
34,Springfield township,BURLINGTON COUNTY,77,6160,005,69990,,0334
34,Fort Dix CDP (pt.),BURLINGTON COUNTY,77,6160,005,,24300,
34,Tabernacle township,BURLINGTON COUNTY,77,6160,005,72060,,0335
34,Washington township,BURLINGTON COUNTY,77,6160,005,77150,,0336
34,Westampton township,BURLINGTON COUNTY,77,6160,005,78200,,0337
34,Willingboro township,BURLINGTON COUNTY,77,6160,005,81440,,0338
34,Woodland township,BURLINGTON COUNTY,77,6160,005,82420,,0339
34,Wrightstown borough,BURLINGTON COUNTY,77,6160,005,82960,82960,0340
34,Camden County,CAMDEN COUNTY,77,6160,007,,,
34,Audubon borough,CAMDEN COUNTY,77,6160,007,02200,02200,0401
34,Audubon Park borough,CAMDEN COUNTY,77,6160,007,02230,02230,0402
34,Barrington borough,CAMDEN COUNTY,77,6160,007,03250,03250,0403
34,Bellmawr borough,CAMDEN COUNTY,77,6160,007,04750,04750,0404
34,Berlin borough,CAMDEN COUNTY,77,6160,007,05440,05440,0405
34,Berlin township,CAMDEN COUNTY,77,6160,007,05470,,0406
34,Brooklawn borough,CAMDEN COUNTY,77,6160,007,08170,08170,0407
34,Camden city,CAMDEN COUNTY,77,6160,007,10000,10000,0408
34,Cherry Hill township,CAMDEN COUNTY,77,6160,007,12280,,0409
34,Ashland CDP,CAMDEN COUNTY,77,6160,007,,01990,
34,Barclay-Kingston CDP,CAMDEN COUNTY,77,6160,007,,02905,
34,Cherry Hill Mall CDP,CAMDEN COUNTY,77,6160,007,,12385,
34,Erlton-Ellisburg CDP,CAMDEN COUNTY,77,6160,007,,21645,
34,Golden Triangle CDP,CAMDEN COUNTY,77,6160,007,,26902,
34,Greentree CDP,CAMDEN COUNTY,77,6160,007,,27995,
34,Springdale CDP,CAMDEN COUNTY,77,6160,007,,69900,
34,Chesilhurst borough,CAMDEN COUNTY,77,6160,007,12550,12550,0410
34,Clementon borough,CAMDEN COUNTY,77,6160,007,13420,13420,0411
34,Collingswood borough,CAMDEN COUNTY,77,6160,007,14260,14260,0412
34,Gibbsboro borough,CAMDEN COUNTY,77,6160,007,26070,26070,0413
34,Gloucester township,CAMDEN COUNTY,77,6160,007,26760,,0414
34,Blackwood CDP,CAMDEN COUNTY,77,6160,007,,06040,
34,Glendora CDP,CAMDEN COUNTY,77,6160,007,,26520,
34,Gloucester City city,CAMDEN COUNTY,77,6160,007,26820,26820,0415
34,Haddon township,CAMDEN COUNTY,77,6160,007,28740,,0416
34,Haddonfield borough,CAMDEN COUNTY,77,6160,007,28770,28770,0417
34,Haddon Heights borough,CAMDEN COUNTY,77,6160,007,28800,28800,0418
34,Hi-Nella borough,CAMDEN COUNTY,77,6160,007,32220,32220,0419
34,Laurel Springs borough,CAMDEN COUNTY,77,6160,007,39210,39210,0420
34,Lawnside borough,CAMDEN COUNTY,77,6160,007,39420,39420,0421
34,Lindenwold borough,CAMDEN COUNTY,77,6160,007,40440,40440,0422
34,Magnolia borough,CAMDEN COUNTY,77,6160,007,42630,42630,0423
34,Merchantville borough,CAMDEN COUNTY,77,6160,007,45510,45510,0424
34,Mount Ephraim borough,CAMDEN COUNTY,77,6160,007,48750,48750,0425
34,Oaklyn borough,CAMDEN COUNTY,77,6160,007,53880,53880,0426
34,Pennsauken township,CAMDEN COUNTY,77,6160,007,57660,,0427
34,Pennsauken CDP,CAMDEN COUNTY,77,6160,007,,57690,
34,Pine Hill borough,CAMDEN COUNTY,77,6160,007,58770,58770,0428
34,Pine Valley borough,CAMDEN COUNTY,77,6160,007,58920,58920,0429
34,Runnemede borough,CAMDEN COUNTY,77,6160,007,65160,65160,0430
34,Somerdale borough,CAMDEN COUNTY,77,6160,007,68340,68340,0431
34,Stratford borough,CAMDEN COUNTY,77,6160,007,71220,71220,0432
34,Tavistock borough,CAMDEN COUNTY,77,6160,007,72240,72240,0433
34,Voorhees township,CAMDEN COUNTY,77,6160,007,76220,,0434
34,Echelon CDP,CAMDEN COUNTY,77,6160,007,,19900,
34,Waterford township,CAMDEN COUNTY,77,6160,007,77630,,0435
34,Winslow township,CAMDEN COUNTY,77,6160,007,81740,,0436
34,Woodlynne borough,CAMDEN COUNTY,77,6160,007,82450,82450,0437
34,Cape May County,CAPE MAY COUNTY,77,0560,009,,,
34,Avalon borough,CAPE MAY COUNTY,77,0560,009,02320,02320,0501
34,Cape May city,CAPE MAY COUNTY,77,0560,009,10270,10270,0502
34,Cape May Point borough,CAPE MAY COUNTY,77,0560,009,10330,10330,0503
34,Dennis township,CAPE MAY COUNTY,77,0560,009,17560,,0504
34,Lower township,CAPE MAY COUNTY,77,0560,009,41610,,0505
34,Diamond Beach CDP,CAPE MAY COUNTY,77,0560,009,,17815,
34,Erma CDP,CAPE MAY COUNTY,77,0560,009,,21660,
34,North Cape May CDP,CAPE MAY COUNTY,77,0560,009,,52650,
34,Villas CDP,CAPE MAY COUNTY,77,0560,009,,76010,
34,Middle township,CAPE MAY COUNTY,77,0560,009,45810,,0506
34,Cape May Court House CDP,CAPE MAY COUNTY,77,0560,009,,10300,
34,Rio Grande CDP,CAPE MAY COUNTY,77,0560,009,,63180,
34,Whitesboro-Burleigh CDP,CAPE MAY COUNTY,77,0560,009,,80855,
34,North Wildwood city,CAPE MAY COUNTY,77,0560,009,53490,53490,0507
34,Ocean City city,CAPE MAY COUNTY,77,0560,009,54360,54360,0508
34,Sea Isle City city,CAPE MAY COUNTY,77,0560,009,66390,66390,0509
34,Stone Harbor borough,CAPE MAY COUNTY,77,0560,009,71010,71010,0510
34,Upper township,CAPE MAY COUNTY,77,0560,009,74810,,0511
34,Strathmere CDP,CAPE MAY COUNTY,77,0560,009,,71250,
34,West Cape May borough,CAPE MAY COUNTY,77,0560,009,78530,78530,0512
34,West Wildwood borough,CAPE MAY COUNTY,77,0560,009,80210,80210,0513
34,Wildwood city,CAPE MAY COUNTY,77,0560,009,81170,81170,0514
34,Wildwood Crest borough,CAPE MAY COUNTY,77,0560,009,81200,81200,0515
34,Woodbine borough,CAPE MAY COUNTY,77,0560,009,81890,81890,0516
34,Cumberland County,CUMBERLAND COUNTY,77,8760,011,,,
34,Bridgeton city,CUMBERLAND COUNTY,77,8760,011,07600,07600,0601
34,Commercial township,CUMBERLAND COUNTY,77,8760,011,14710,,0602
34,Laurel Lake CDP,CUMBERLAND COUNTY,77,8760,011,,39120,
34,Port Norris CDP,CUMBERLAND COUNTY,77,8760,011,,60510,
34,Deerfield township,CUMBERLAND COUNTY,77,8760,011,16900,,0603
34,Rosenhayn CDP,CUMBERLAND COUNTY,77,8760,011,,64740,
34,Downe township,CUMBERLAND COUNTY,77,8760,011,18220,,0604
34,Fairfield township,CUMBERLAND COUNTY,77,8760,011,22350,,0605
34,Fairton CDP,CUMBERLAND COUNTY,77,8760,011,,22530,
34,Greenwich township,CUMBERLAND COUNTY,77,8760,011,28170,,0606
34,Hopewell township,CUMBERLAND COUNTY,77,8760,011,33120,,0607
34,Lawrence township,CUMBERLAND COUNTY,77,8760,011,39450,,0608
34,Cedarville CDP,CUMBERLAND COUNTY,77,8760,011,,11410,
34,Maurice River township,CUMBERLAND COUNTY,77,8760,011,44580,,0609
34,Millville city,CUMBERLAND COUNTY,77,8760,011,46680,46680,0610
34,Shiloh borough,CUMBERLAND COUNTY,77,8760,011,67020,67020,0611
34,Stow Creek township,CUMBERLAND COUNTY,77,8760,011,71160,,0612
34,Upper Deerfield township,CUMBERLAND COUNTY,77,8760,011,74870,,0613
34,Seabrook Farms CDP,CUMBERLAND COUNTY,77,8760,011,,66300,
34,Vineland city,CUMBERLAND COUNTY,77,8760,011,76070,76070,0614
34,Essex County,ESSEX COUNTY,70,5640,013,,,
34,Belleville township,ESSEX COUNTY,70,5640,013,04695,,0701
34,Belleville CDP,ESSEX COUNTY,70,5640,013,,04690,
34,Bloomfield township,ESSEX COUNTY,70,5640,013,06260,,0702
34,Bloomfield CDP (pt.),ESSEX COUNTY,70,5640,013,,06250,
34,Nutley CDP (pt.),ESSEX COUNTY,70,5640,013,,53670,
34,Caldwell borough,ESSEX COUNTY,70,5640,013,09250,09250,0703
34,Cedar Grove township,ESSEX COUNTY,70,5640,013,11200,,0704
34,Cedar Grove CDP,ESSEX COUNTY,70,5640,013,,11230,
34,City of Orange township,ESSEX COUNTY,70,5640,013,13045,,0717
34,Orange CDP,ESSEX COUNTY,70,5640,013,,55020,
34,East Orange city,ESSEX COUNTY,70,5640,013,19390,19390,0705
34,Essex Fells borough,ESSEX COUNTY,70,5640,013,21840,21840,0706
34,Fairfield township,ESSEX COUNTY,70,5640,013,22385,,0707
34,Fairfield CDP,ESSEX COUNTY,70,5640,013,,22380,
34,Glen Ridge borough,ESSEX COUNTY,70,5640,013,26610,26610,0708
34,Irvington township,ESSEX COUNTY,70,5640,013,34450,,0709
34,Irvington CDP (pt.),ESSEX COUNTY,70,5640,013,,34440,
34,Maplewood CDP (pt.),ESSEX COUNTY,70,5640,013,,43830,
34,Livingston township,ESSEX COUNTY,70,5640,013,40890,,0710
34,Livingston CDP (pt.),ESSEX COUNTY,70,5640,013,,40920,
34,Maplewood township,ESSEX COUNTY,70,5640,013,43800,,0711
34,Irvington CDP (pt.),ESSEX COUNTY,70,5640,013,,34440,
34,Maplewood CDP (pt.),ESSEX COUNTY,70,5640,013,,43830,
34,Millburn township,ESSEX COUNTY,70,5640,013,46380,,0712
34,Livingston CDP (pt.),ESSEX COUNTY,70,5640,013,,40920,
34,Millburn CDP,ESSEX COUNTY,70,5640,013,,46410,
34,Montclair township,ESSEX COUNTY,70,5640,013,47500,,0713
34,Montclair CDP (pt.),ESSEX COUNTY,70,5640,013,,47490,
34,Newark city,ESSEX COUNTY,70,5640,013,51000,51000,0714
34,North Caldwell borough,ESSEX COUNTY,70,5640,013,52620,52620,0715
34,Nutley township,ESSEX COUNTY,70,5640,013,53680,,0716
34,Bloomfield CDP (pt.),ESSEX COUNTY,70,5640,013,,06250,
34,Nutley CDP (pt.),ESSEX COUNTY,70,5640,013,,53670,
34,Roseland borough,ESSEX COUNTY,70,5640,013,64590,64590,0718
34,South Orange Village township,ESSEX COUNTY,70,5640,013,69274,,0719
34,South Orange CDP,ESSEX COUNTY,70,5640,013,,69255,
34,Verona township,ESSEX COUNTY,70,5640,013,75815,,0720
34,Montclair CDP (pt.),ESSEX COUNTY,70,5640,013,,47490,
34,Verona CDP,ESSEX COUNTY,70,5640,013,,75800,
34,West Caldwell township,ESSEX COUNTY,70,5640,013,78510,,0721
34,West Caldwell CDP,ESSEX COUNTY,70,5640,013,,78500,
34,West Orange township,ESSEX COUNTY,70,5640,013,79800,,0722
34,West Orange CDP,ESSEX COUNTY,70,5640,013,,79790,
34,Gloucester County,GLOUCESTER COUNTY,77,6160,015,,,
34,Clayton borough,GLOUCESTER COUNTY,77,6160,015,13360,13360,0801
34,Deptford township,GLOUCESTER COUNTY,77,6160,015,17710,,0802
34,Oak Valley CDP,GLOUCESTER COUNTY,77,6160,015,,54060,
34,East Greenwich township,GLOUCESTER COUNTY,77,6160,015,19180,,0803
34,Elk township,GLOUCESTER COUNTY,77,6160,015,21060,,0804
34,Franklin township,GLOUCESTER COUNTY,77,6160,015,24840,,0805
34,Glassboro borough,GLOUCESTER COUNTY,77,6160,015,26340,26340,0806
34,Greenwich township,GLOUCESTER COUNTY,77,6160,015,28185,,0807
34,Gibbstown CDP,GLOUCESTER COUNTY,77,6160,015,,26100,
34,Harrison township,GLOUCESTER COUNTY,77,6160,015,30180,,0808
34,Mullica Hill CDP,GLOUCESTER COUNTY,77,6160,015,,49440,
34,Logan township,GLOUCESTER COUNTY,77,6160,015,41160,,0809
34,Beckett CDP,GLOUCESTER COUNTY,77,6160,015,,04400,
34,Mantua township,GLOUCESTER COUNTY,77,6160,015,43440,,0810
34,Monroe township,GLOUCESTER COUNTY,77,6160,015,47250,,0811
34,Victory Lakes CDP,GLOUCESTER COUNTY,77,6160,015,,75920,
34,Williamstown CDP,GLOUCESTER COUNTY,77,6160,015,,81380,
34,National Park borough,GLOUCESTER COUNTY,77,6160,015,49680,49680,0812
34,Newfield borough,GLOUCESTER COUNTY,77,6160,015,51390,51390,0813
34,Paulsboro borough,GLOUCESTER COUNTY,77,6160,015,57150,57150,0814
34,Pitman borough,GLOUCESTER COUNTY,77,6160,015,59070,59070,0815
34,South Harrison township,GLOUCESTER COUNTY,77,6160,015,69030,,0816
34,Swedesboro borough,GLOUCESTER COUNTY,77,6160,015,71850,71850,0817
34,Washington township,GLOUCESTER COUNTY,77,6160,015,77180,,0818
34,Turnersville CDP,GLOUCESTER COUNTY,77,6160,015,,74270,
34,Wenonah borough,GLOUCESTER COUNTY,77,6160,015,78110,78110,0819
34,West Deptford township,GLOUCESTER COUNTY,77,6160,015,78800,,0820
34,Westville borough,GLOUCESTER COUNTY,77,6160,015,80120,80120,0821
34,Woodbury city,GLOUCESTER COUNTY,77,6160,015,82120,82120,0822
34,Woodbury Heights borough,GLOUCESTER COUNTY,77,6160,015,82180,82180,0823
34,Woolwich township,GLOUCESTER COUNTY,77,6160,015,82840,,0824
34,Hudson County,HUDSON COUNTY,70,3640,017,,,
34,Bayonne city,HUDSON COUNTY,70,3640,017,03580,03580,0901
34,East Newark borough,HUDSON COUNTY,70,3640,017,19360,19360,0902
34,Guttenberg town,HUDSON COUNTY,70,3640,017,28650,28650,0903
34,Harrison town,HUDSON COUNTY,70,3640,017,30210,30210,0904
34,Hoboken city,HUDSON COUNTY,70,3640,017,32250,32250,0905
34,Jersey City city,HUDSON COUNTY,70,3640,017,36000,36000,0906
34,Kearny town,HUDSON COUNTY,70,3640,017,36510,36510,0907
34,North Bergen township,HUDSON COUNTY,70,3640,017,52470,,0908
34,Secaucus town,HUDSON COUNTY,70,3640,017,66570,66570,0909
34,Union City city,HUDSON COUNTY,70,3640,017,74630,74630,0910
34,Weehawken township,HUDSON COUNTY,70,3640,017,77930,,0911
34,West New York town,HUDSON COUNTY,70,3640,017,79610,79610,0912
34,Hunterdon County,HUNTERDON COUNTY,70,5015,019,,,
34,Alexandria township,HUNTERDON COUNTY,70,5015,019,00550,,1001
34,Bethlehem township,HUNTERDON COUNTY,70,5015,019,05650,,1002
34,Bloomsbury borough,HUNTERDON COUNTY,70,5015,019,06370,06370,1003
34,Califon borough,HUNTERDON COUNTY,70,5015,019,09280,09280,1004
34,Clinton town,HUNTERDON COUNTY,70,5015,019,13720,13720,1005
34,Clinton township,HUNTERDON COUNTY,70,5015,019,13750,,1006
34,Annandale CDP,HUNTERDON COUNTY,70,5015,019,,01480,
34,Delaware township,HUNTERDON COUNTY,70,5015,019,17170,,1007
34,East Amwell township,HUNTERDON COUNTY,70,5015,019,18820,,1008
34,Flemington borough,HUNTERDON COUNTY,70,5015,019,23700,23700,1009
34,Franklin township,HUNTERDON COUNTY,70,5015,019,24870,,1010
34,Frenchtown borough,HUNTERDON COUNTY,70,5015,019,25350,25350,1011
34,Glen Gardner borough,HUNTERDON COUNTY,70,5015,019,26550,26550,1012
34,Hampton borough,HUNTERDON COUNTY,70,5015,019,29460,29460,1013
34,High Bridge borough,HUNTERDON COUNTY,70,5015,019,31320,31320,1014
34,Holland township,HUNTERDON COUNTY,70,5015,019,32460,,1015
34,Kingwood township,HUNTERDON COUNTY,70,5015,019,37065,,1016
34,Lambertville city,HUNTERDON COUNTY,70,5015,019,38610,38610,1017
34,Lebanon borough,HUNTERDON COUNTY,70,5015,019,39630,39630,1018
34,Lebanon township,HUNTERDON COUNTY,70,5015,019,39660,,1019
34,Milford borough,HUNTERDON COUNTY,70,5015,019,46260,46260,1020
34,Raritan township,HUNTERDON COUNTY,70,5015,019,61920,,1021
34,Readington township,HUNTERDON COUNTY,70,5015,019,62250,,1022
34,White House Station CDP,HUNTERDON COUNTY,70,5015,019,,80720,
34,Stockton borough,HUNTERDON COUNTY,70,5015,019,70980,70980,1023
34,Tewksbury township,HUNTERDON COUNTY,70,5015,019,72510,,1024
34,Union township,HUNTERDON COUNTY,70,5015,019,74420,,1025
34,West Amwell township,HUNTERDON COUNTY,70,5015,019,78230,,1026
34,Mercer County,MERCER COUNTY,70,8480,021,,,
34,East Windsor township,MERCER COUNTY,70,8480,021,19780,,1101
34,Twin Rivers CDP,MERCER COUNTY,70,8480,021,,74330,
34,Ewing township,MERCER COUNTY,70,8480,021,22185,,1102
34,Ewing CDP,MERCER COUNTY,70,8480,021,,22180,
34,Hamilton township,MERCER COUNTY,70,8480,021,29310,,1103
34,Mercerville-Hamilton Square CDP,MERCER COUNTY,70,8480,021,,45495,
34,White Horse CDP,MERCER COUNTY,70,8480,021,,80630,
34,Yardville-Groveville CDP,MERCER COUNTY,70,8480,,,83185,
34,Hightstown borough,MERCER COUNTY,70,8480,021,31620,31620,1104
34,Hopewell borough,MERCER COUNTY,70,8480,021,33150,33150,1105
34,Hopewell township,MERCER COUNTY,70,8480,021,33180,,1106
34,Lawrence township,MERCER COUNTY,70,8480,021,39510,,1107
34,Lawrenceville CDP,MERCER COUNTY,70,8480,021,,39570,
34,Pennington borough,MERCER COUNTY,70,8480,021,57600,57600,1108
34,Princeton borough,MERCER COUNTY,70,8480,021,60900,60900,1114
34,Princeton North CDP,MERCER COUNTY,70,8480,021,,60990,
34,Trenton city,MERCER COUNTY,70,8480,021,74000,74000,1111
34,Robbinsville township,MERCER COUNTY,70,8480,021,63850,,1112
34,West Windsor township,MERCER COUNTY,70,8480,021,80240,,1113
34,Princeton Junction CDP,MERCER COUNTY,70,8480,021,,60960,
34,Middlesex County,MIDDLESEX COUNTY,70,5015,023,,,
34,Carteret borough,MIDDLESEX COUNTY,70,5015,023,10750,10750,1201
34,Cranbury township,MIDDLESEX COUNTY,70,5015,023,15550,,1202
34,Cranbury CDP,MIDDLESEX COUNTY,70,5015,023,,15520,
34,Dunellen borough,MIDDLESEX COUNTY,70,5015,023,18490,18490,1203
34,East Brunswick township,MIDDLESEX COUNTY,70,5015,023,19000,,1204
34,East Brunswick CDP,MIDDLESEX COUNTY,70,5015,023,,18970,
34,Edison township,MIDDLESEX COUNTY,70,5015,023,20230,,1205
34,Edison CDP,MIDDLESEX COUNTY,70,5015,023,,20260,
34,Helmetta borough,MIDDLESEX COUNTY,70,5015,023,30840,30840,1206
34,Highland Park borough,MIDDLESEX COUNTY,70,5015,023,31470,31470,1207
34,Jamesburg borough,MIDDLESEX COUNTY,70,5015,023,34890,34890,1208
34,Metuchen borough,MIDDLESEX COUNTY,70,5015,023,45690,45690,1210
34,Middlesex borough,MIDDLESEX COUNTY,70,5015,023,45900,45900,1211
34,Milltown borough,MIDDLESEX COUNTY,70,5015,023,46620,46620,1212
34,Monroe township,MIDDLESEX COUNTY,70,5015,023,47280,,1213
34,Clearbrook Park CDP,MIDDLESEX COUNTY,70,5015,023,,13399,
34,Concordia CDP,MIDDLESEX COUNTY,70,5015,023,,14758,
34,Rossmoor CDP,MIDDLESEX COUNTY,70,5015,023,,64865,
34,Whittingham CDP,MIDDLESEX COUNTY,70,5015,023,,81042,
34,New Brunswick city,MIDDLESEX COUNTY,70,5015,023,51210,51210,1214
34,North Brunswick township,MIDDLESEX COUNTY,70,5015,023,52560,,1215
34,North Brunswick Township CDP,MIDDLESEX COUNTY,70,5015,023,,52605,
34,Old Bridge township,MIDDLESEX COUNTY,70,5015,023,54705,,1209
34,Brownville CDP,MIDDLESEX COUNTY,70,5015,023,,08492,
34,Laurence Harbor CDP,MIDDLESEX COUNTY,70,5015,023,,39360,
34,Madison Park CDP,MIDDLESEX COUNTY,70,5015,023,,42540,
34,Old Bridge CDP,MIDDLESEX COUNTY,70,5015,023,,54690,
34,Perth Amboy city,MIDDLESEX COUNTY,70,5015,023,58200,58200,1216
34,Piscataway township,MIDDLESEX COUNTY,70,5015,023,59010,,1217
34,Society Hill CDP,MIDDLESEX COUNTY,70,5015,023,,68304,
34,Plainsboro township,MIDDLESEX COUNTY,70,5015,023,59280,,1218
34,Plainsboro Center CDP,MIDDLESEX COUNTY,70,5015,023,,59285,
34,Princeton Meadows CDP,MIDDLESEX COUNTY,70,5015,023,,60975,
34,Sayreville borough,MIDDLESEX COUNTY,70,5015,023,65790,65790,1219
34,South Amboy city,MIDDLESEX COUNTY,70,5015,023,68550,68550,1220
34,South Brunswick township,MIDDLESEX COUNTY,70,5015,023,68790,,1221
34,Dayton CDP,MIDDLESEX COUNTY,70,5015,023,,16630,
34,Heathcote CDP,MIDDLESEX COUNTY,70,5015,023,,30738,
34,Kendall Park CDP,MIDDLESEX COUNTY,70,5015,023,,36660,
34,Kingston CDP,MIDDLESEX COUNTY,70,5015,023,,36930,
34,Monmouth Junction CDP,MIDDLESEX COUNTY,70,5015,023,,47190,
34,South Plainfield borough,MIDDLESEX COUNTY,70,5015,023,69390,69390,1222
34,South River borough,MIDDLESEX COUNTY,70,5015,023,69420,69420,1223
34,Spotswood borough,MIDDLESEX COUNTY,70,5015,023,69810,69810,1224
34,Woodbridge township,MIDDLESEX COUNTY,70,5015,023,82000,,1225
34,Avenel CDP,MIDDLESEX COUNTY,70,5015,023,,02350,
34,Colonia CDP,MIDDLESEX COUNTY,70,5015,023,,14380,
34,Fords CDP,MIDDLESEX COUNTY,70,5015,023,,24030,
34,Iselin CDP,MIDDLESEX COUNTY,70,5015,023,,34470,
34,Port Reading CDP,MIDDLESEX COUNTY,70,5015,023,,60540,
34,Sewaren CDP,MIDDLESEX COUNTY,70,5015,023,,66720,
34,Woodbridge CDP,MIDDLESEX COUNTY,70,5015,023,,81950,
34,Monmouth County,MONMOUTH COUNTY,70,5190,025,,,
34,Aberdeen township,MONMOUTH COUNTY,70,5190,025,00070,,1330
34,Cliffwood Beach CDP,MONMOUTH COUNTY,70,5190,025,,13630,
34,Strathmore CDP,MONMOUTH COUNTY,70,5190,025,,71280,
34,Allenhurst borough,MONMOUTH COUNTY,70,5190,025,00730,00730,1301
34,Allentown borough,MONMOUTH COUNTY,70,5190,025,00760,00760,1302
34,Asbury Park city,MONMOUTH COUNTY,70,5190,025,01960,01960,1303
34,Atlantic Highlands borough,MONMOUTH COUNTY,70,5190,025,02110,02110,1304
34,Navesink CDP,MONMOUTH COUNTY,70,5190,025,,49740,
34,Avon-by-the-Sea borough,MONMOUTH COUNTY,70,5190,025,02440,02440,1305
34,Belmar borough,MONMOUTH COUNTY,70,5190,025,04930,04930,1306
34,Bradley Beach borough,MONMOUTH COUNTY,70,5190,025,06970,06970,1307
34,Brielle borough,MONMOUTH COUNTY,70,5190,025,07750,07750,1308
34,Colts Neck township,MONMOUTH COUNTY,70,5190,025,14560,,1309
34,Deal borough,MONMOUTH COUNTY,70,5190,025,16660,16660,1310
34,Eatontown borough,MONMOUTH COUNTY,70,5190,025,19840,19840,1311
34,Englishtown borough,MONMOUTH COUNTY,70,5190,025,21570,21570,1312
34,Fair Haven borough,MONMOUTH COUNTY,70,5190,025,22440,22440,1313
34,Farmingdale borough,MONMOUTH COUNTY,70,5190,025,22950,22950,1314
34,Freehold borough,MONMOUTH COUNTY,70,5190,025,25200,25200,1315
34,Freehold township,MONMOUTH COUNTY,70,5190,025,25230,,1316
34,East Freehold CDP,MONMOUTH COUNTY,70,5190,025,,19150,
34,West Freehold CDP,MONMOUTH COUNTY,70,5190,025,,79100,
34,Hazlet township,MONMOUTH COUNTY,70,5190,025,30690,,1339
34,Highlands borough,MONMOUTH COUNTY,70,5190,025,31500,31500,1317
34,Holmdel township,MONMOUTH COUNTY,70,5190,025,32640,,1318
34,Howell township,MONMOUTH COUNTY,70,5190,025,33300,,1319
34,Ramtown CDP,MONMOUTH COUNTY,70,5190,025,,61725,
34,Interlaken borough,MONMOUTH COUNTY,70,5190,025,34200,34200,1320
34,Keansburg borough,MONMOUTH COUNTY,70,5190,025,36480,36480,1321
34,Keyport borough,MONMOUTH COUNTY,70,5190,025,36810,36810,1322
34,Little Silver borough,MONMOUTH COUNTY,70,5190,025,40770,40770,1323
34,Loch Arbour village,MONMOUTH COUNTY,70,5190,025,41010,41010,1324
34,Long Branch city,MONMOUTH COUNTY,70,5190,025,41310,41310,1325
34,Manalapan township,MONMOUTH COUNTY,70,5190,025,42990,,1326
34,Yorketown CDP,MONMOUTH COUNTY,70,5190,025,,83245,
34,Manasquan borough,MONMOUTH COUNTY,70,5190,025,43050,43050,1327
34,Marlboro township,MONMOUTH COUNTY,70,5190,025,44070,,1328
34,Morganville CDP,MONMOUTH COUNTY,70,5190,025,,48030,
34,Matawan borough,MONMOUTH COUNTY,70,5190,025,44520,44520,1329
34,Middletown township,MONMOUTH COUNTY,70,5190,025,45990,,1331
34,Belford CDP,MONMOUTH COUNTY,70,5190,025,,04600,
34,Fairview CDP,MONMOUTH COUNTY,70,5190,025,,22740,
34,Leonardo CDP,MONMOUTH COUNTY,70,5190,025,,39990,
34,Lincroft CDP,MONMOUTH COUNTY,70,5190,025,,40320,
34,North Middletown CDP,MONMOUTH COUNTY,70,5190,025,,53205,
34,Port Monmouth CDP,MONMOUTH COUNTY,70,5190,025,,60360,
34,Millstone township,MONMOUTH COUNTY,70,5190,025,46560,,1332
34,Monmouth Beach borough,MONMOUTH COUNTY,70,5190,025,47130,47130,1333
34,Neptune City borough,MONMOUTH COUNTY,70,5190,025,49920,49920,1334
34,Neptune township,MONMOUTH COUNTY,70,5190,025,49890,,1335
34,Ocean Grove CDP,MONMOUTH COUNTY,70,5190,025,,54480,
34,Shark River Hills CDP,MONMOUTH COUNTY,70,5190,025,,66840,
34,Ocean township,MONMOUTH COUNTY,70,5190,025,54270,,1337
34,Oakhurst CDP,MONMOUTH COUNTY,70,5190,025,,53790,
34,Wanamassa CDP,MONMOUTH COUNTY,70,5190,025,,76700,
34,Oceanport borough,MONMOUTH COUNTY,70,5190,025,54570,54570,1338
34,Red Bank borough,MONMOUTH COUNTY,70,5190,025,62430,62430,1340
34,Roosevelt borough,MONMOUTH COUNTY,70,5190,025,64410,64410,1341
34,Rumson borough,MONMOUTH COUNTY,70,5190,025,65130,65130,1342
34,Sea Bright borough,MONMOUTH COUNTY,70,5190,025,66240,66240,1343
34,Sea Girt borough,MONMOUTH COUNTY,70,5190,025,66330,66330,1344
34,Shrewsbury borough,MONMOUTH COUNTY,70,5190,025,67350,67350,1345
34,Shrewsbury township,MONMOUTH COUNTY,70,5190,025,67365,,1346
34,Lake Como borough,MONMOUTH COUNTY,70,5190,025,37560,37560,1347
34,Spring Lake borough,MONMOUTH COUNTY,70,5190,025,70110,70110,1348
34,Spring Lake Heights borough,MONMOUTH COUNTY,70,5190,025,70140,70140,1349
34,Tinton Falls borough,MONMOUTH COUNTY,70,5190,025,73020,73020,1336
34,Union Beach borough,MONMOUTH COUNTY,70,5190,025,74540,74540,1350
34,Upper Freehold township,MONMOUTH COUNTY,70,5190,025,74900,,1351
34,Wall township,MONMOUTH COUNTY,70,5190,025,76460,,1352
34,Allenwood CDP,MONMOUTH COUNTY,70,5190,025,,00790,
34,West Belmar CDP,MONMOUTH COUNTY,70,5190,025,,78350,
34,West Long Branch borough,MONMOUTH COUNTY,70,27 5190,025,79310,79310,1353
34,Morris County,MORRIS COUNTY,70,5640,027,,,
34,Boonton town,MORRIS COUNTY,70,5640,027,06610,06610,1401
34,Boonton township,MORRIS COUNTY,70,5640,027,06640,,1402
34,Butler borough,MORRIS COUNTY,70,5640,027,09040,09040,1403
34,Chatham borough,MORRIS COUNTY,70,5640,027,12100,12100,1404
34,Chatham township,MORRIS COUNTY,70,5640,027,12130,,1405
34,Chester borough,MORRIS COUNTY,70,5640,027,12580,12580,1406
34,Chester township,MORRIS COUNTY,70,5640,027,12610,,1407
34,Denville township,MORRIS COUNTY,70,5640,027,17650,,1408
34,Dover town,MORRIS COUNTY,70,5640,027,18070,18070,1409
34,East Hanover township,MORRIS COUNTY,70,5640,027,19210,,1410
34,Florham Park borough,MORRIS COUNTY,70,5640,027,23910,23910,1411
34,Hanover township,MORRIS COUNTY,70,5640,027,29550,,1412
34,Harding township,MORRIS COUNTY,70,5640,027,29700,,1413
34,Jefferson township,MORRIS COUNTY,70,5640,027,34980,,1414
34,Kinnelon borough,MORRIS COUNTY,70,5640,027,37110,37110,1415
34,Lincoln Park borough,MORRIS COUNTY,70,5640,027,40290,40290,1416
34,Long Hill township,MORRIS COUNTY,70,5640,027,41362,,1430
34,Madison borough,MORRIS COUNTY,70,5640,027,42510,42510,1417
34,Mendham borough,MORRIS COUNTY,70,5640,027,45330,45330,1418
34,Mendham township,MORRIS COUNTY,70,5640,027,45360,,1419
34,Mine Hill township,MORRIS COUNTY,70,5640,027,46860,,1420
34,Montville township,MORRIS COUNTY,70,5640,027,47670,,1421
34,Morris Plains borough,MORRIS COUNTY,70,5640,027,48210,48210,1422
34,Morris township,MORRIS COUNTY,70,5640,027,48090,,1423
34,Morristown town,MORRIS COUNTY,70,5640,027,48300,48300,1424
34,Mount Arlington borough,MORRIS COUNTY,70,5640,027,48690,48690,1425
34,Mount Olive township,MORRIS COUNTY,70,5640,027,49080,,1426
34,Budd Lake CDP,MORRIS COUNTY,70,5640,027,,08620,
34,Mountain Lakes borough,MORRIS COUNTY,70,5640,027,48480,48480,1427
34,Netcong borough,MORRIS COUNTY,70,5640,027,50130,50130,1428
34,Parsippany-Troy Hills township,MORRIS COUNTY,70,5640,027,56460,,1429
34,Pequannock township,MORRIS COUNTY,70,5640,027,58110,,1431
34,Randolph township,MORRIS COUNTY,70,5640,027,61890,,1432
34,Riverdale borough,MORRIS COUNTY,70,5640,027,63300,63300,1433
34,Rockaway borough,MORRIS COUNTY,70,5640,027,64050,64050,1434
34,Rockaway township,MORRIS COUNTY,70,5640,027,64080,,1435
34,Lake Telemark CDP,MORRIS COUNTY,70,5640,027,,38430,
34,White Meadow Lake CDP,MORRIS COUNTY,70,5640,027,,80750,
34,Roxbury township,MORRIS COUNTY,70,5640,027,64980,,1436
34,Succasunna-Kenvil CDP,MORRIS COUNTY,70,5640,027,,71385,
34,Victory Gardens borough,MORRIS COUNTY,70,5640,027,75890,75890,1437
34,Washington township,MORRIS COUNTY,70,5640,027,77240,,1438
34,Long Valley CDP,MORRIS COUNTY,70,5640,027,,41400,
34,Wharton borough,MORRIS COUNTY,70,5640,027,80390,80390,1439
34,Ocean County,OCEAN COUNTY,70,5190,029,,,
34,Barnegat Light borough,OCEAN COUNTY,70,5190,029,03130,03130,1501
34,Barnegat township,OCEAN COUNTY,70,5190,029,03050,,1533
34,Barnegat CDP,OCEAN COUNTY,70,5190,029,,03040,
34,Ocean Acres CDP (pt.),OCEAN COUNTY,70,5190,029,,54315,
34,Bay Head borough,OCEAN COUNTY,70,5190,029,03520,03520,1502
34,Beach Haven borough,OCEAN COUNTY,70,5190,029,03940,03940,1503
34,Beachwood borough,OCEAN COUNTY,70,5190,029,04180,04180,1504
34,Berkeley township,OCEAN COUNTY,70,5190,029,05305,,1505
34,Holiday City-Berkeley CDP,OCEAN COUNTY,70,5190,029,,32415,
34,Holiday City South CDP (pt.),OCEAN COUNTY,70,5190,029,,32418,
34,Holiday Heights CDP,OCEAN COUNTY,70,5190,029,,32424,
34,Silver Ridge CDP,OCEAN COUNTY,70,5190,029,,67665,
34,Brick township,OCEAN COUNTY,70,5190,029,07420,,1506
34,Toms River township,OCEAN COUNTY,70,5190,029,73125,,1507
34,Dover Beaches North CDP,OCEAN COUNTY,70,5190,029,,18148,
34,Dover Beaches South CDP,OCEAN COUNTY,70,5190,029,,18151,
34,Holiday City South CDP (pt.),OCEAN COUNTY,70,5190,029,,32418,
34,Toms River CDP,OCEAN COUNTY,70,5190,029,,73110,
34,Eagleswood township,OCEAN COUNTY,70,5190,029,18670,,1508
34,Harvey Cedars borough,OCEAN COUNTY,70,5190,029,30390,30390,1509
34,Island Heights borough,OCEAN COUNTY,70,5190,029,34530,34530,1510
34,Jackson township,OCEAN COUNTY,70,5190,029,34680,,1511
34,Vista Center CDP,OCEAN COUNTY,70,5190,029,,76107,
34,Lacey township,OCEAN COUNTY,70,5190,029,37380,,1512
34,Forked River CDP,OCEAN COUNTY,70,5190,029,,24180,
34,Lakehurst borough,OCEAN COUNTY,70,5190,029,37770,37770,1513
34,Lakewood township,OCEAN COUNTY,70,5190,029,38550,,1514
34,Lakewood CDP,OCEAN COUNTY,70,5190,029,,38580,
34,Leisure Village CDP,OCEAN COUNTY,70,5190,029,,39900,
34,Leisure Village East CDP,OCEAN COUNTY,70,5190,029,,39910,
34,Lavallette borough,OCEAN COUNTY,70,5190,029,39390,39390,1515
34,Little Egg Harbor township,OCEAN COUNTY,70,5190,029,40560,,1516
34,Mystic Island CDP,OCEAN COUNTY,70,5190,029,,49560,
34,Long Beach township,OCEAN COUNTY,70,5190,029,41250,,1517
34,North Beach Haven CDP,OCEAN COUNTY,70,5190,029,,52410,
34,Manchester township,OCEAN COUNTY,70,5190,029,43140,,1518
34,Cedar Glen Lakes CDP,OCEAN COUNTY,70,5190,029,,11140,
34,Cedar Glen West CDP,OCEAN COUNTY,70,5190,029,,11155,
34,Crestwood Village CDP,OCEAN COUNTY,70,5190,029,,15910,
34,Leisure Knoll CDP,OCEAN COUNTY,70,5190,029,,39883,
34,Leisure Village West-Pine Lake,OCEAN COUNTY,70,5190,029,,39920,
34,Pine Ridge at Crestwood CDP,OCEAN COUNTY,70,5190,029,,58852,
34,Mantoloking borough,OCEAN COUNTY,70,5190,029,43380,43380,1519
34,Ocean Gate borough,OCEAN COUNTY,70,5190,029,54450,54450,1521
34,Ocean township,OCEAN COUNTY,70,5190,029,54300,,1520
34,Waretown CDP,OCEAN COUNTY,70,5190,029,,76820,
34,Pine Beach borough,OCEAN COUNTY,70,5190,029,58590,58590,1522
34,Plumsted township,OCEAN COUNTY,70,5190,029,59790,,1523
34,New Egypt CDP,OCEAN COUNTY,70,5190,029,,51360,
34,Point Pleasant Beach borough,OCEAN COUNTY,70,5190,029,59910,59910,1524
34,Point Pleasant borough,OCEAN COUNTY,70,5190,029,59880,59880,1525
34,Seaside Heights borough,OCEAN COUNTY,70,5190,029,66450,66450,1526
34,Seaside Park borough,OCEAN COUNTY,70,5190,029,66480,66480,1527
34,Ship Bottom borough,OCEAN COUNTY,70,5190,029,67110,67110,1528
34,South Toms River borough,OCEAN COUNTY,70,5190,029,69510,69510,1529
34,Stafford township,OCEAN COUNTY,70,5190,029,70320,,1530
34,Beach Haven West CDP,OCEAN COUNTY,70,5190,029,,04120,
34,Manahawkin CDP,OCEAN COUNTY,70,5190,029,,42930,
34,Ocean Acres CDP (pt.),OCEAN COUNTY,70,5190,029,,54315,
34,Surf City borough,OCEAN COUNTY,70,5190,029,71640,71640,1531
34,Tuckerton borough,OCEAN COUNTY,70,5190,029,74210,74210,1532
34,Passaic County,PASSAIC COUNTY,70,0875,031,,,
34,Bloomingdale borough,PASSAIC COUNTY,70,0875,031,06340,06340,1601
34,Clifton city,PASSAIC COUNTY,70,0875,031,13690,13690,1602
34,Haledon borough,PASSAIC COUNTY,70,0875,031,29070,29070,1603
34,Hawthorne borough,PASSAIC COUNTY,70,0875,031,30570,30570,1604
34,Little Falls township,PASSAIC COUNTY,70,0875,031,40620,,1605
34,Little Falls CDP (pt.),PASSAIC COUNTY,70,0875,031,,40650,
34,North Haledon borough,PASSAIC COUNTY,70,0875,031,53040,53040,1606
34,Passaic city,PASSAIC COUNTY,70,0875,031,56550,56550,1607
34,Paterson city,PASSAIC COUNTY,70,0875,031,57000,57000,1608
34,Pompton Lakes borough,PASSAIC COUNTY,70,0875,031,60090,60090,1609
34,Prospect Park borough,PASSAIC COUNTY,70,0875,031,61170,61170,1610
34,Ringwood borough,PASSAIC COUNTY,70,0875,031,63150,63150,1611
34,Totowa borough,PASSAIC COUNTY,70,0875,031,73140,73140,1612
34,Wanaque borough,PASSAIC COUNTY,70,0875,031,76730,76730,1613
34,Wayne township,PASSAIC COUNTY,70,0875,031,77840,,1614
34,Little Falls CDP (pt.),PASSAIC COUNTY,70,0875,031,,40650,
34,Wayne CDP,PASSAIC COUNTY,70,0875,031,,77870,
34,West Milford township,PASSAIC COUNTY,70,0875,031,79460,,1615
34,West Milford CDP,PASSAIC COUNTY,70,0875,031,,79430,
34,Woodland Park,PASSAIC COUNTY,70,0875,031,82423,82423,1616
34,Somerset County,SOMERSET COUNTY,70,5015,035,,,
34,Bedminster township,SOMERSET COUNTY,70,5015,035,04450,,1801
34,Bernards township,SOMERSET COUNTY,70,5015,035,05560,,1802
34,Bernardsville borough,SOMERSET COUNTY,70,5015,035,05590,05590,1803
34,Bound Brook borough,SOMERSET COUNTY,70,5015,035,06790,06790,1804
34,Branchburg township,SOMERSET COUNTY,70,5015,035,07180,,1805
34,Bridgewater township,SOMERSET COUNTY,70,5015,035,07720,,1806
34,Far Hills borough,SOMERSET COUNTY,70,5015,035,22890,22890,1807
34,Franklin township,SOMERSET COUNTY,70,5015,035,24900,,1808
34,Somerset CDP,SOMERSET COUNTY,70,5015,035,,68370,
34,Green Brook township,SOMERSET COUNTY,70,5015,035,27510,,1809
34,Hillsborough township,SOMERSET COUNTY,70,5015,035,31890,,1810
34,Manville borough,SOMERSET COUNTY,70,5015,035,43620,43620,1811
34,Millstone borough,SOMERSET COUNTY,70,5015,035,46590,46590,1812
34,Montgomery township,SOMERSET COUNTY,70,5015,035,47580,,1813
34,North Plainfield borough,SOMERSET COUNTY,70,5015,035,53280,53280,1814
34,Peapack and Gladstone borough,SOMERSET COUNTY,70,5015,035,57300,57300,1815
34,Raritan borough,SOMERSET COUNTY,70,5015,035,61980,61980,1816
34,Rocky Hill borough,SOMERSET COUNTY,70,5015,035,64320,64320,1817
34,Somerville borough,SOMERSET COUNTY,70,5015,035,68460,68460,1818
34,South Bound Brook borough,SOMERSET COUNTY,70,5015,035,68730,68730,1819
34,Warren township,SOMERSET COUNTY,70,5015,035,76940,,1820
34,Watchung borough,SOMERSET COUNTY,70,5015,035,77600,77600,1821
34,Salem County,SALEM COUNTY,77,6160,033,,,
34,Alloway township,SALEM COUNTY,77,6160,033,00880,,1701
34,Alloway CDP,SALEM COUNTY,77,6160,033,,00850,
34,Carneys Point township,SALEM COUNTY,77,6160,033,10610,,1713
34,Carneys Point CDP,SALEM COUNTY,77,6160,033,,10600,
34,Elmer borough,SALEM COUNTY,77,6160,033,21240,21240,1702
34,Elsinboro township,SALEM COUNTY,77,6160,033,21330,,1703
34,Lower Alloways Creek township,SALEM COUNTY,77,6160,033,41640,,1704
34,Mannington township,SALEM COUNTY,77,6160,033,43200,,1705
34,Oldmans township,SALEM COUNTY,77,6160,033,54810,,1706
34,Penns Grove borough,SALEM COUNTY,77,6160,033,57750,57750,1707
34,Pennsville township,SALEM COUNTY,77,6160,033,57870,,1708
34,Pennsville CDP,SALEM COUNTY,77,6160,033,,57840,
34,Pilesgrove township,SALEM COUNTY,77,6160,033,58530,,1709
34,Pittsgrove township,SALEM COUNTY,77,6160,033,59130,,1710
34,Olivet CDP,SALEM COUNTY,77,6160,033,,54960,
34,Quinton township,SALEM COUNTY,77,6160,033,61470,,1711
34,Salem city,SALEM COUNTY,77,6160,033,65490,65490,1712
34,Upper Pittsgrove township,SALEM COUNTY,77,6160,033,75110,,1714
34,Woodstown borough,SALEM COUNTY,77,6160,033,82720,82720,1715
34,Sussex County,SUSSEX COUNTY,70,5640,037,,,
34,Andover borough,SUSSEX COUNTY,70,5640,037,01330,01330,1901
34,Andover township,SUSSEX COUNTY,70,5640,037,01360,,1902
34,Branchville borough,SUSSEX COUNTY,70,5640,037,07300,07300,1903
34,Byram township,SUSSEX COUNTY,70,5640,037,09160,,1904
34,Lake Mohawk CDP (pt.),SUSSEX COUNTY,70,5640,037,,38040,
34,Frankford township,SUSSEX COUNTY,70,5640,037,24810,,1905
34,Franklin borough,SUSSEX COUNTY,70,5640,037,24930,24930,1906
34,Fredon township,SUSSEX COUNTY,70,5640,037,25140,,1907
34,Green township,SUSSEX COUNTY,70,5640,037,27420,,1908
34,Hamburg borough,SUSSEX COUNTY,70,5640,037,29220,29220,1909
34,Hampton township,SUSSEX COUNTY,70,5640,037,29490,,1910
34,Crandon Lakes CDP (pt.),SUSSEX COUNTY,70,5640,037,,15610,
34,Hardyston township,SUSSEX COUNTY,70,5640,037,29850,,1911
34,Hopatcong borough,SUSSEX COUNTY,70,5640,037,32910,32910,1912
34,Lafayette township,SUSSEX COUNTY,70,5640,037,37440,,1913
34,Montague township,SUSSEX COUNTY,70,5640,037,47430,,1914
34,Newton town,SUSSEX COUNTY,70,5640,037,51930,51930,1915
34,Ogdensburg borough,SUSSEX COUNTY,70,5640,037,54660,54660,1916
34,Sandyston township,SUSSEX COUNTY,70,5640,037,65700,,1917
34,Sparta township,SUSSEX COUNTY,70,5640,037,69690,,1918
34,Lake Mohawk CDP (pt.),SUSSEX COUNTY,70,5640,037,,38040,
34,Stanhope borough,SUSSEX COUNTY,70,5640,037,70380,70380,1919
34,Stillwater township,SUSSEX COUNTY,70,5640,037,70890,,1920
34,Crandon Lakes CDP (pt.),SUSSEX COUNTY,70,5640,037,,15610,
34,Sussex borough,SUSSEX COUNTY,70,5640,037,71670,71670,1921
34,Vernon township,SUSSEX COUNTY,70,5640,037,75740,,1922
34,Highland Lake CDP,SUSSEX COUNTY,70,5640,037,,31405,
34,Vernon Valley CDP,SUSSEX COUNTY,70,5640,037,,75750,
34,Walpack township,SUSSEX COUNTY,70,5640,037,76640,,1923
34,Wantage township,SUSSEX COUNTY,70,5640,037,76790,,1924
34,Union County,UNION COUNTY,70,5640,039,,,
34,Berkeley Heights township,UNION COUNTY,70,5640,039,05320,,2001
34,Berkeley Heights CDP,UNION COUNTY,70,5640,039,,05350,
34,Clark township,UNION COUNTY,70,5640,039,13150,,2002
34,Clark CDP,UNION COUNTY,70,5640,039,,13180,
34,Cranford township,UNION COUNTY,70,5640,039,15640,,2003
34,Cranford CDP,UNION COUNTY,70,5640,039,,15670,
34,Elizabeth city,UNION COUNTY,70,5640,039,21000,21000,2004
34,Fanwood borough,UNION COUNTY,70,5640,039,22860,22860,2005
34,Garwood borough,UNION COUNTY,70,5640,039,25800,25800,2006
34,Hillside township,UNION COUNTY,70,5640,039,31980,,2007
34,Hillside CDP,UNION COUNTY,70,5640,039,,32010,
34,Union CDP (pt.),UNION COUNTY,70,5640,039,,74510,
34,Kenilworth borough,UNION COUNTY,70,5640,039,36690,36690,2008
34,Linden city,UNION COUNTY,70,5640,039,40350,40350,2009
34,Mountainside borough,UNION COUNTY,70,5640,039,48510,48510,2010
34,New Providence borough,UNION COUNTY,70,5640,039,51810,51810,2011
34,Plainfield city,UNION COUNTY,70,5640,039,59190,59190,2012
34,Rahway city,UNION COUNTY,70,5640,039,61530,61530,2013
34,Roselle borough,UNION COUNTY,70,5640,039,64620,64620,2014
34,Roselle Park borough,UNION COUNTY,70,5640,039,64650,64650,2015
34,Scotch Plains township,UNION COUNTY,70,5640,039,66060,,2016
34,Scotch Plains CDP,UNION COUNTY,70,5640,039,,66090,
34,Springfield township,UNION COUNTY,70,5640,039,70020,,2017
34,Springfield CDP,UNION COUNTY,70,5640,039,,70050,
34,Summit city,UNION COUNTY,70,5640,039,71430,71430,2018
34,Union township,UNION COUNTY,70,5640,039,74480,,2019
34,Union CDP (pt.),UNION COUNTY,70,5640,039,,74510,
34,Westfield town,UNION COUNTY,70,5640,039,79040,79040,2020
34,Winfield township,UNION COUNTY,70,5640,039,81650,,2021
34,Warren County,WARREN COUNTY,70,5640,041,,,
34,Allamuchy township,WARREN COUNTY,70,5640,041,00670,,2101
34,Allamuchy-Panther Valley CDP,WARREN COUNTY,70,5640,041,,00675,
34,Alpha borough,WARREN COUNTY,70,5640,041,01030,01030,2102
34,Belvidere town,WARREN COUNTY,70,5640,041,04990,04990,2103
34,Blairstown township,WARREN COUNTY,70,5640,041,06160,,2104
34,Franklin township,WARREN COUNTY,70,5640,041,24960,,2105
34,Frelinghuysen township,WARREN COUNTY,70,5640,041,25320,,2106
34,Greenwich township,WARREN COUNTY,70,5640,041,28260,,2107
34,Hackettstown town,WARREN COUNTY,70,5640,041,28710,28710,2108
34,Hardwick township,WARREN COUNTY,70,5640,041,29820,,2109
34,Harmony township,WARREN COUNTY,70,5640,041,30090,,2110
34,Hope township,WARREN COUNTY,70,5640,041,33060,,2111
34,Independence township,WARREN COUNTY,70,5640,041,33930,,2112
34,Great Meadows-Vienna CDP,WARREN COUNTY,70,5640,041,,27366,
34,Knowlton township,WARREN COUNTY,70,5640,041,37320,,2113
34,Liberty township,WARREN COUNTY,70,5640,041,40110,,2114
34,Lopatcong township,WARREN COUNTY,70,5640,041,41490,,2115
34,Mansfield township,WARREN COUNTY,70,5640,041,43320,,2116
34,Beatyestown CDP,WARREN COUNTY,70,5640,041,,04240,
34,Oxford township,WARREN COUNTY,70,5640,041,55530,,2117
34,Oxford CDP,WARREN COUNTY,70,5640,041,,55500,
34,Phillipsburg town,WARREN COUNTY,70,5640,041,58350,58350,2119
34,Pohatcong township,WARREN COUNTY,70,5640,041,59820,,2120
34,Washington borough,WARREN COUNTY,70,5640,041,77270,77270,2121
34,Washington township,WARREN COUNTY,70,5640,041,77300,,2122
34,Brass Castle CDP,WARREN COUNTY,70,5640,041,,07360,
34,White township,WARREN COUNTY,70,5640,041,80570,,2123
